Name,Email,WalletAddress,Profession,City,Rating,Category,FeedbackComment,TransactionHash,ExplorerLink
Aarav Sharma,aarav.sharma1@gmail.com,GAWC7G4H65MVJ24XEJUMSXZCMPHFY6HCVEFKKX37GFE5WKP3E65PMWFV,Delivery Rider,Mumbai,5,UX & Ease of Use,"Contributing $0.10/day on Stellar is seamless. Gas fees are less than $0.0001 per transfer!",5792f6f014b2fcd17ce79838269ee8b7c7d5f1d4ffc3bcf8d1211f5ef256ff62,https://stellar.expert/explorer/testnet/tx/5792f6f014b2fcd17ce79838269ee8b7c7d5f1d4ffc3bcf8d1211f5ef256ff62
Ananya Verma,ananya.verma2@gmail.com,GCRXBC5HRUFFYWPSBRISH2UWRQEYAKW4YGNLQUVUYDMB3LN4WIKUNQ2Q,Domestic Worker,Manila,4,Sub-Cent Gas Fees,"Submitted a medical claim after a road accident during shift. Peer pool validators approved it in <6h!",13eca17f39fed1aab192d696c67a6f653046c12d17de45705c9ac56d654d9110,https://stellar.expert/explorer/testnet/tx/13eca17f39fed1aab192d696c67a6f653046c12d17de45705c9ac56d654d9110
Rohan Patel,rohan.patel3@gmail.com,GCNNKBTSGFRNE7BXUHDAAIEI6S64T2OTSSM6H3MRRYYS6FOFS4CAALS7,Freelance Artisan,Nairobi,5,Claim Payout Speed,"Depositing INR via UPI using Fonbnk SEP-24 anchor took less than 10 seconds. Super smooth!",728f2f0198bb0bdea42ba0716e34acdebecbff7dac0919a5d32720fbcd606148,https://stellar.expert/explorer/testnet/tx/728f2f0198bb0bdea42ba0716e34acdebecbff7dac0919a5d32720fbcd606148
Priya Gupta,priya.gupta4@gmail.com,GAKMSXKKCL3QL25E6HITEKDRYAZ6WIVI5LFK7FJJHH5OBP3BM6W36HOH,Ride-share Driver,Lagos,4,Sub-Cent Gas Fees,"Sub-second finality on Stellar Testnet for micro-insurance coverage is amazing.",8758894385f12a3eabcd834f4479daf2e89443fa555a7f69b6c8b546d6e6dfac,https://stellar.expert/explorer/testnet/tx/8758894385f12a3eabcd834f4479daf2e89443fa555a7f69b6c8b546d6e6dfac
Manish Rao,manish.rao5@gmail.com,GDLZPX76M5IANWNXUFZINPEP6EQKFLVWB7L4EWX4HP474Q7VUGZZA34H,Logistics Courier,Delhi,5,UX & Ease of Use,"The mobile-first UI makes daily micro-contributions effortless for gig workers.",f1a5d73dd5f953a2a33b1d0667e99a2e776fea0b2813cc52d7c28059379a7fe7,https://stellar.expert/explorer/testnet/tx/f1a5d73dd5f953a2a33b1d0667e99a2e776fea0b2813cc52d7c28059379a7fe7
Siddharth Nair,siddharth.nair6@gmail.com,GBU7NFJVT42OMHULKB6JLYOUTKNT2OLKZONZ455SY7K7C6WY6K2MQ3WV,Delivery Rider,Bengaluru,4,Claim Payout Speed,"Claim payout was deposited directly to my Freighter wallet in USDC instantly.",3311b3e317fd6615ebce4f35ce1ac7b81320122eb4030b20fe25c77c84194f29,https://stellar.expert/explorer/testnet/tx/3311b3e317fd6615ebce4f35ce1ac7b81320122eb4030b20fe25c77c84194f29
Devi Fernandez,devi.fernandez7@gmail.com,GANZGMWVH3AQCVFORZVKELAT7PASE7JSECOY3TK4BHY5SEIKJUEQ5WJN,Domestic Worker,Dubai,5,UX & Ease of Use,"Peer governance voting gives workers real ownership over the insurance pool.",aad7297782a9f365de3c00cb64704b0eae80ee02fab5acab7264ab84eb019b32,https://stellar.expert/explorer/testnet/tx/aad7297782a9f365de3c00cb64704b0eae80ee02fab5acab7264ab84eb019b32
Carlos Santos,carlos.santos8@gmail.com,GBEB3SMVUJ4H6RZODMQDY3JQS6OKKNQ6FL33EIXXAHZ7TWSYRUSYC533,Freelance Artisan,Sao Paulo,4,Sub-Cent Gas Fees,"Sub-cent execution costs mean 99.8% fee savings compared to traditional insurance.",1c798da502bfcadd33780dd00f17e5eba7c8a11f7bbdee458a98a4141f90cfdc,https://stellar.expert/explorer/testnet/tx/1c798da502bfcadd33780dd00f17e5eba7c8a11f7bbdee458a98a4141f90cfdc
Maria Garcia,maria.garcia9@gmail.com,GDGPTBQEMA6FNRPZMTNPPWFCSD2IPO772SKCFVZIRQKVTYCGSQHD3EWU,Ride-share Driver,Jakarta,5,Claim Payout Speed,"Great experience registering into the Delivery Rider pool. Coverage activated in 1 click.",129b7525f014c32406e8274dcaf5b8f500faf374eb61d2cca154d322fac25b11,https://stellar.expert/explorer/testnet/tx/129b7525f014c32406e8274dcaf5b8f500faf374eb61d2cca154d322fac25b11
Elena Silva,elena.silva10@gmail.com,GBXWTVTPS2GNFQNPIGTFIFPQ77BKQOL46MJVXIPFQIU3JYAYQ2WTLGJZ,Logistics Courier,Kolkata,4,Sub-Cent Gas Fees,"Decentralized reserve ratio tracking provides full transparency on pool liquidity.",d712b47fad95cd681d2ecd8f767c1228520493070a0776b7eb51767da6633e0c,https://stellar.expert/explorer/testnet/tx/d712b47fad95cd681d2ecd8f767c1228520493070a0776b7eb51767da6633e0c
Kowshik Okonkwo,kowshik.okonkwo11@gmail.com,GBS3ZIBVOL7GNQRTHEAVN7WYFLVBIKF6STRYYFEQOMGDSWYEFCIAXORJ,Delivery Rider,Mumbai,5,UX & Ease of Use,"Contributing $0.10/day on Stellar is seamless. Gas fees are less than $0.0001 per transfer!",05f1b05e4d4442db8888f32d7a0545dce002549dcb652e4f08f0c3f03136b25a,https://stellar.expert/explorer/testnet/tx/05f1b05e4d4442db8888f32d7a0545dce002549dcb652e4f08f0c3f03136b25a
Fatima Adeleke,fatima.adeleke12@gmail.com,GDT2EDNH4YKL655ATFGE3WCAL5VNVUEJQP7MJ7FAFIRSXKL6ULR34RRV,Domestic Worker,Manila,4,Claim Payout Speed,"Submitted a medical claim after a road accident during shift. Peer pool validators approved it in <6h!",26dae4a4522e39c42fd08dc8a56a970dab44ed47740a18c5ffbd76acc732abc8,https://stellar.expert/explorer/testnet/tx/26dae4a4522e39c42fd08dc8a56a970dab44ed47740a18c5ffbd76acc732abc8
Tariq Al-Mansoor,tariq.al-mansoor13@gmail.com,GCPCPYRY6KW7CRSJ2PKWMHPOIOJCYR2XG2D3AL2BLQHKOUKH7K6YQPJ3,Freelance Artisan,Nairobi,5,UX & Ease of Use,"Depositing INR via UPI using Fonbnk SEP-24 anchor took less than 10 seconds. Super smooth!",843bbceedfa3d105938378c6f91ad9bdaada74c8303ade7dba40da2752ddf763,https://stellar.expert/explorer/testnet/tx/843bbceedfa3d105938378c6f91ad9bdaada74c8303ade7dba40da2752ddf763
Zainab Kamau,zainab.kamau14@gmail.com,GBDCLKPOAQTVLGY76GKZQCQNMRNV5Y7WLYWTVAOCZZU6AVZCPFPXK45X,Ride-share Driver,Lagos,4,Sub-Cent Gas Fees,"Sub-second finality on Stellar Testnet for micro-insurance coverage is amazing.",18bbe3701234cfbd9cd55518a5582998127d892c9c383af04c4d3bbbb6275c20,https://stellar.expert/explorer/testnet/tx/18bbe3701234cfbd9cd55518a5582998127d892c9c383af04c4d3bbbb6275c20
Chidi Mensah,chidi.mensah15@gmail.com,GB4BIL7PYBHOESUSTX2NB7A4544RPB6WRWSLT6LOS6GEYNROSJO7SGHC,Logistics Courier,Delhi,5,Claim Payout Speed,"The mobile-first UI makes daily micro-contributions effortless for gig workers.",c2f7a6e2e37e38420621a9a3179ebf96b608982acf19d49b0784e127d48304c3,https://stellar.expert/explorer/testnet/tx/c2f7a6e2e37e38420621a9a3179ebf96b608982acf19d49b0784e127d48304c3
Nneka Chowdhury,nneka.chowdhury16@gmail.com,GBOGU6W5EYOQUBLU7R5XIZORM7IO32NT5NE4RXIYZATGB2ITFMDMFNEX,Delivery Rider,Bengaluru,4,Sub-Cent Gas Fees,"Claim payout was deposited directly to my Freighter wallet in USDC instantly.",f2cd2293ddd70d406884c57c6cfd9e61a630ebfb98d2972fef7130f000d5836a,https://stellar.expert/explorer/testnet/tx/f2cd2293ddd70d406884c57c6cfd9e61a630ebfb98d2972fef7130f000d5836a
Amina Dutta,amina.dutta17@gmail.com,GDBCC7434XGHPNPRECEQUSF6P3KEER5NPNA6KXG2YTUDTZ3R7YV36GOT,Domestic Worker,Dubai,5,UX & Ease of Use,"Peer governance voting gives workers real ownership over the insurance pool.",199417f6396f254b2e0aa08478c3f2360d4ff8de41213426bc42433a0d4dfa4a,https://stellar.expert/explorer/testnet/tx/199417f6396f254b2e0aa08478c3f2360d4ff8de41213426bc42433a0d4dfa4a
Kwame Banerjee,kwame.banerjee18@gmail.com,GDXFGPPSMAAXAXOXSMKXYVI7Q3I7KFQ46M3XJP6KSMG5PPJNBXRJZTXZ,Freelance Artisan,Sao Paulo,4,Claim Payout Speed,"Sub-cent execution costs mean 99.8% fee savings compared to traditional insurance.",7b08cf2e40a06674955cf3876041dde2d75c506a15c9eef9ce43827365f2f244,https://stellar.expert/explorer/testnet/tx/7b08cf2e40a06674955cf3876041dde2d75c506a15c9eef9ce43827365f2f244
Juan Das,juan.das19@gmail.com,GDLG2GRVSTY34ZSK774IRNUYZ5B6UXRKKKOAAKLRU5HT4LABQJP6NW4G,Ride-share Driver,Jakarta,5,UX & Ease of Use,"Great experience registering into the Delivery Rider pool. Coverage activated in 1 click.",861ac51bf5391bc797bec524dc4ce35797847d6f9c66c1bc93d0d027fea718df,https://stellar.expert/explorer/testnet/tx/861ac51bf5391bc797bec524dc4ce35797847d6f9c66c1bc93d0d027fea718df
Sofia Roy,sofia.roy20@gmail.com,GAOI46TWTOCUZTUAE2QBIPA2JCVCQ3BLLNNPK6GTYFLZTOCW3L6ZMCLU,Logistics Courier,Kolkata,4,Sub-Cent Gas Fees,"Decentralized reserve ratio tracking provides full transparency on pool liquidity.",23b50fdb01930298fc2338fcb6da2bb58345f56012ccd1a46e1efc492bdd45bd,https://stellar.expert/explorer/testnet/tx/23b50fdb01930298fc2338fcb6da2bb58345f56012ccd1a46e1efc492bdd45bd
Diego Singh,diego.singh21@gmail.com,GBS5BGLQJQRAEOMCXEESGKTCAVGFWXRZDSALMAM7GO3NMNH7YVWWNKCI,Delivery Rider,Mumbai,5,Claim Payout Speed,"Contributing $0.10/day on Stellar is seamless. Gas fees are less than $0.0001 per transfer!",8327bf4fa5366b56efc98bdd9f4da1b49a0f8230dfd79568c10a69ba9785abc5,https://stellar.expert/explorer/testnet/tx/8327bf4fa5366b56efc98bdd9f4da1b49a0f8230dfd79568c10a69ba9785abc5
Lucia Kaur,lucia.kaur22@gmail.com,GCUCFUXHUZNCSDVCWZYGX4CTTXSWI45VEF3FQMWWSVUJGFL4CINSUMX6,Domestic Worker,Manila,4,Sub-Cent Gas Fees,"Submitted a medical claim after a road accident during shift. Peer pool validators approved it in <6h!",c2d47130791beb35ec6fedf6b1d25ac0a430a024a0b096576abe74e0456d1aa5,https://stellar.expert/explorer/testnet/tx/c2d47130791beb35ec6fedf6b1d25ac0a430a024a0b096576abe74e0456d1aa5
Rahul Joshi,rahul.joshi23@gmail.com,GAMI65QTHNG2TPH65QFYXAJLFSPY3H5ML5NIHKO2YF3FMKCUVRQT423I,Freelance Artisan,Nairobi,5,UX & Ease of Use,"Depositing INR via UPI using Fonbnk SEP-24 anchor took less than 10 seconds. Super smooth!",44658debd62569292f1f1b781207d27712be4fc01eae6f904ab5d83e9ed1ead2,https://stellar.expert/explorer/testnet/tx/44658debd62569292f1f1b781207d27712be4fc01eae6f904ab5d83e9ed1ead2
Neha Bhat,neha.bhat24@gmail.com,GBJL6WLM6BFXMC73SFMT66YBPXFC6AI5QXAQHBRS7WCSOZULRUKD47RV,Ride-share Driver,Lagos,4,Claim Payout Speed,"Sub-second finality on Stellar Testnet for micro-insurance coverage is amazing.",5b473a5c15e6d99a5bf52a4cb9a56548222594dbaf58da15cb83e3845ed3494a,https://stellar.expert/explorer/testnet/tx/5b473a5c15e6d99a5bf52a4cb9a56548222594dbaf58da15cb83e3845ed3494a
Vikram Deshmukh,vikram.deshmukh25@gmail.com,GDW2TUGQEW5NACTDO4EERD4GECSRPZRAIGQGO7JBQ5WMM6WLNCEH65Z2,Logistics Courier,Delhi,5,UX & Ease of Use,"The mobile-first UI makes daily micro-contributions effortless for gig workers.",3ae65f888c125ba25fd1c74153207084a6dffad35fb8bd5c5915d354d3f3423f,https://stellar.expert/explorer/testnet/tx/3ae65f888c125ba25fd1c74153207084a6dffad35fb8bd5c5915d354d3f3423f
Sneha Kulkarni,sneha.kulkarni26@gmail.com,GDYN6HYOOZYE3KCQETHKCAICMOZ7PAXQHMRJPR2ODA4WPWLXRHWGACAD,Delivery Rider,Bengaluru,4,Sub-Cent Gas Fees,"Claim payout was deposited directly to my Freighter wallet in USDC instantly.",1a7c1604e400c18b373c7a7787c8b27404375a5e8166292bb9c340e02df0cce0,https://stellar.expert/explorer/testnet/tx/1a7c1604e400c18b373c7a7787c8b27404375a5e8166292bb9c340e02df0cce0
Arjun Reddy,arjun.reddy27@gmail.com,GC47BAGXZTIYTGE4KDIF63JVEX2GHHPH3NVSDOOGZK2D4FQPDMCFSKIN,Domestic Worker,Dubai,5,Claim Payout Speed,"Peer governance voting gives workers real ownership over the insurance pool.",6ce6d808f515cecfb58f425be4a8a3aa1f6af726adc2fd2952d9396bd1db5f7f,https://stellar.expert/explorer/testnet/tx/6ce6d808f515cecfb58f425be4a8a3aa1f6af726adc2fd2952d9396bd1db5f7f
Kavya Raju,kavya.raju28@gmail.com,GDAW4DWX7QSU6NI2ZOMESS5Y6GKO3C2IYKBRJM5VYY4WK57FRBQQXNCB,Freelance Artisan,Sao Paulo,4,Sub-Cent Gas Fees,"Sub-cent execution costs mean 99.8% fee savings compared to traditional insurance.",1f507ca59bb627e542effd6709eb1d4172dcd13da089e3ca75d38214956cd31a,https://stellar.expert/explorer/testnet/tx/1f507ca59bb627e542effd6709eb1d4172dcd13da089e3ca75d38214956cd31a
Suresh Menon,suresh.menon29@gmail.com,GCWFFV6ZJE3XTDAKQCMAZ5MAC3Y5U5U4WC7HER6PHKHHFFSYG2WO2IWT,Ride-share Driver,Jakarta,5,UX & Ease of Use,"Great experience registering into the Delivery Rider pool. Coverage activated in 1 click.",ee7fb0633804b8323988d5504cb8d3bff49f3ea80c0779cbbdb7b09f2d5de9f6,https://stellar.expert/explorer/testnet/tx/ee7fb0633804b8323988d5504cb8d3bff49f3ea80c0779cbbdb7b09f2d5de9f6
Divya Pillai,divya.pillai30@gmail.com,GBNYWTQU22WE22TIRG34DIM5RNSYLJNYITYVJH7JYLH5QV2PYOKV7PRV,Logistics Courier,Kolkata,4,Claim Payout Speed,"Decentralized reserve ratio tracking provides full transparency on pool liquidity.",0d2bd6f52febd7ce9a90b0db22bf247f4dbdec77c089b2c665990c032ba8660d,https://stellar.expert/explorer/testnet/tx/0d2bd6f52febd7ce9a90b0db22bf247f4dbdec77c089b2c665990c032ba8660d
Rajesh Gowda,rajesh.gowda31@gmail.com,GDXV4QWW4WGSGXWXBIM5EHXMJYFOCSHKC7I7PWJNLUUHWBVPVQ46ZZHR,Delivery Rider,Mumbai,5,UX & Ease of Use,"Contributing $0.10/day on Stellar is seamless. Gas fees are less than $0.0001 per transfer!",e8dfe1c8d052c140ebf7f36abd3f1585731fc150035826d70d5ab3a1d79c4e3a,https://stellar.expert/explorer/testnet/tx/e8dfe1c8d052c140ebf7f36abd3f1585731fc150035826d70d5ab3a1d79c4e3a
Pooja Hegde,pooja.hegde32@gmail.com,GBW5BSK7QR45VYT3SY6SMQM3GZFFJJDVYG6BHGBGDRXWVURCUURJSWVV,Domestic Worker,Manila,4,Sub-Cent Gas Fees,"Submitted a medical claim after a road accident during shift. Peer pool validators approved it in <6h!",ac5737d15aa0f43cc785b545ee1d06e0532c6a58a9538ba0d70e7fc0d7e45110,https://stellar.expert/explorer/testnet/tx/ac5737d15aa0f43cc785b545ee1d06e0532c6a58a9538ba0d70e7fc0d7e45110
Amit Shetty,amit.shetty33@gmail.com,GBWJWIJZDLFTC2MRR6K3ZSUSC6ZOQ265RG7CUPKQ5DSGHXXNWQPLW4O5,Freelance Artisan,Nairobi,5,Claim Payout Speed,"Depositing INR via UPI using Fonbnk SEP-24 anchor took less than 10 seconds. Super smooth!",bc03ee569020bdbf1cee94468646a0c63bc6d76392ceb326de4de68e3b5f5d01,https://stellar.expert/explorer/testnet/tx/bc03ee569020bdbf1cee94468646a0c63bc6d76392ceb326de4de68e3b5f5d01
Ritu Rana,ritu.rana34@gmail.com,GBEI4GRKPP4VBLZHN77CHPINQRYXFCX2PITVDGBBLJHJ4P7Q2GHYJJ2V,Ride-share Driver,Lagos,4,Sub-Cent Gas Fees,"Sub-second finality on Stellar Testnet for micro-insurance coverage is amazing.",f73c13e2d4396fdf07ee673ded6e7c45088cf2ebb463a03ce6cee79cd44690c9,https://stellar.expert/explorer/testnet/tx/f73c13e2d4396fdf07ee673ded6e7c45088cf2ebb463a03ce6cee79cd44690c9
Sunil Thakur,sunil.thakur35@gmail.com,GB75E4IIXEITFSJISU7FNXJQSQBI2IY4MZSZ5RKNQ32Z33VMD2ILLN34,Logistics Courier,Delhi,5,UX & Ease of Use,"The mobile-first UI makes daily micro-contributions effortless for gig workers.",e2c8f21473f20fcc9ccf0793e23a784a2e3644a1dc05b99c8bd7690bb55854ef,https://stellar.expert/explorer/testnet/tx/e2c8f21473f20fcc9ccf0793e23a784a2e3644a1dc05b99c8bd7690bb55854ef
Meera Chauhan,meera.chauhan36@gmail.com,GBVNTEVPKYSYHKVRZIIYFRNFXHLRDIUGRSYHBYWXL4HG3JYFAGA5BNES,Delivery Rider,Bengaluru,4,Claim Payout Speed,"Claim payout was deposited directly to my Freighter wallet in USDC instantly.",3ccdb46446180d00fd5c284841e3b4d8fb12205b7603bed317bfe2a899128c7c,https://stellar.expert/explorer/testnet/tx/3ccdb46446180d00fd5c284841e3b4d8fb12205b7603bed317bfe2a899128c7c
Karan Yadav,karan.yadav37@gmail.com,GDYWLYQ2BJTSXIWI3ZZYKQCR6U6NJOSMGBHT4M2QI7GKZUF4QZ7XARAF,Domestic Worker,Dubai,5,UX & Ease of Use,"Peer governance voting gives workers real ownership over the insurance pool.",5315fcb59251a76d1ae5359d26e217a8e1560827def08af8e1f35741f8cb790e,https://stellar.expert/explorer/testnet/tx/5315fcb59251a76d1ae5359d26e217a8e1560827def08af8e1f35741f8cb790e
Simran Pandey,simran.pandey38@gmail.com,GASREOIJOPTGE5QX4SB6NRWFAFBH2QJVEHC7I5U5VUEZCHMQFS65QGNW,Freelance Artisan,Sao Paulo,4,Sub-Cent Gas Fees,"Sub-cent execution costs mean 99.8% fee savings compared to traditional insurance.",a51419c5efa39a9acb98f7c27bde8537e7801f4efa557b4775696d5d9bd2a672,https://stellar.expert/explorer/testnet/tx/a51419c5efa39a9acb98f7c27bde8537e7801f4efa557b4775696d5d9bd2a672
Deepak Mishra,deepak.mishra39@gmail.com,GC6HR3R2RIQDFLS5UAT32ZRDTVU6NL4TQVRRU2I2CBJ5JYY6PLGWV7IE,Ride-share Driver,Jakarta,5,Claim Payout Speed,"Great experience registering into the Delivery Rider pool. Coverage activated in 1 click.",006cffaae728fe7b24ab0ef3ecfd10754aac2d87a51a3581faa213dc3f84a732,https://stellar.expert/explorer/testnet/tx/006cffaae728fe7b24ab0ef3ecfd10754aac2d87a51a3581faa213dc3f84a732
Anjali Tripathi,anjali.tripathi40@gmail.com,GBYR6V3KOOYWMZTQT3P3DHMAQSNCT7ZIFEPWQPY547OK4XSTQLA6P26F,Logistics Courier,Kolkata,4,Sub-Cent Gas Fees,"Decentralized reserve ratio tracking provides full transparency on pool liquidity.",41babcba5f65786afa56178c9095fbedf7edcf7fe4817f59ea234ecae3a8c2a1,https://stellar.expert/explorer/testnet/tx/41babcba5f65786afa56178c9095fbedf7edcf7fe4817f59ea234ecae3a8c2a1
Gaurav Tiwari,gaurav.tiwari41@gmail.com,GA77FI7TVXMI5IKHIXG5I4UTEKTICJTOABE65QE43HQXAM57KCP2BT2G,Delivery Rider,Mumbai,5,UX & Ease of Use,"Contributing $0.10/day on Stellar is seamless. Gas fees are less than $0.0001 per transfer!",e8f92302f4b0907b0c5d07161f66b912f2e463ea4f8f1545e494de9e7738a10c,https://stellar.expert/explorer/testnet/tx/e8f92302f4b0907b0c5d07161f66b912f2e463ea4f8f1545e494de9e7738a10c
Swati Shukla,swati.shukla42@gmail.com,GBMN3MKCEHQ4NZBEQXFRD54XZIDY6IRO23KGASFRRACRNWTP2UWPHPP2,Domestic Worker,Manila,4,Claim Payout Speed,"Submitted a medical claim after a road accident during shift. Peer pool validators approved it in <6h!",0a3d2d2f6ed6f8f4b73c450d8847996c4d3b61c2cd6ae32c50360f4036037560,https://stellar.expert/explorer/testnet/tx/0a3d2d2f6ed6f8f4b73c450d8847996c4d3b61c2cd6ae32c50360f4036037560
Nikhil Dubey,nikhil.dubey43@gmail.com,GABCNORZ2BYVN5J66HAMKDAO2HKS3KOWWJCB3QBSWXSCVJOA63CUQJLB,Freelance Artisan,Nairobi,5,UX & Ease of Use,"Depositing INR via UPI using Fonbnk SEP-24 anchor took less than 10 seconds. Super smooth!",3329a2ae2719ae19f55771a3e0c05587e5be40264b56d0da5dcdb94ba5e73ca8,https://stellar.expert/explorer/testnet/tx/3329a2ae2719ae19f55771a3e0c05587e5be40264b56d0da5dcdb94ba5e73ca8
Shweta Saxena,shweta.saxena44@gmail.com,GDAFXULESPQTI6MTSMG4SWCCOUATJOO4SJQFSA6M3B3K5JU67KRQDCS6,Ride-share Driver,Lagos,4,Sub-Cent Gas Fees,"Sub-second finality on Stellar Testnet for micro-insurance coverage is amazing.",cf27b2f3d78437d6f17c033d9de2508f7552ccc690abd92492b18b0bbddeae42,https://stellar.expert/explorer/testnet/tx/cf27b2f3d78437d6f17c033d9de2508f7552ccc690abd92492b18b0bbddeae42
Alok Agarwal,alok.agarwal45@gmail.com,GBJXXQE47AQWU22WXQMFZBGYSVKMP4VIMDUJ6DSK2HA7QMPL6256BHBM,Logistics Courier,Delhi,5,Claim Payout Speed,"The mobile-first UI makes daily micro-contributions effortless for gig workers.",0c643029e56798278d6e49d167a824cdaf821a0cc9386c8eef2ff03504e95235,https://stellar.expert/explorer/testnet/tx/0c643029e56798278d6e49d167a824cdaf821a0cc9386c8eef2ff03504e95235
Tanvi Bansal,tanvi.bansal46@gmail.com,GC3NS26DESZNP3NSWZAJZEV573A6KT3244BF7CIUUNE477C5UMIKVSKE,Delivery Rider,Bengaluru,4,Sub-Cent Gas Fees,"Claim payout was deposited directly to my Freighter wallet in USDC instantly.",6f482618fedc455058994143c9e3b0ae6e90771c8db8b8f95ffbf7cd86a3073d,https://stellar.expert/explorer/testnet/tx/6f482618fedc455058994143c9e3b0ae6e90771c8db8b8f95ffbf7cd86a3073d
Varun Goel,varun.goel47@gmail.com,GC7XEQN6YVDCJ24HE3HBAOAZFZ4KTCAZSQVIGQS6KRFRBJ4S3OEQSTHO,Domestic Worker,Dubai,5,UX & Ease of Use,"Peer governance voting gives workers real ownership over the insurance pool.",f07cb0b2dfad5de5a5a8f3497a6e8df3c02933619317c38e4fda50d6d57b0d2a,https://stellar.expert/explorer/testnet/tx/f07cb0b2dfad5de5a5a8f3497a6e8df3c02933619317c38e4fda50d6d57b0d2a
Bhavna Kapoor,bhavna.kapoor48@gmail.com,GAUJS4DHIUWKPPTWT4QJNS7DQOOCCCYNQIB52YVKCHYM4LMPCCZGP7CG,Freelance Artisan,Sao Paulo,4,Claim Payout Speed,"Sub-cent execution costs mean 99.8% fee savings compared to traditional insurance.",21c41088a876918ba78afea99fec04c66bf315b49b9996bef5f3dabe91813395,https://stellar.expert/explorer/testnet/tx/21c41088a876918ba78afea99fec04c66bf315b49b9996bef5f3dabe91813395
Harsh Bhattacharya,harsh.bhattacharya49@gmail.com,GAHS2DJNJJFAQAOULDQM6RVAIKT5PDB6HWUSRRURCFANMQGAYZSWMAWN,Ride-share Driver,Jakarta,5,UX & Ease of Use,"Great experience registering into the Delivery Rider pool. Coverage activated in 1 click.",0520c8bb8bd1dc7edf7fc4e05a939b5f50ceee5dc20ed25a7a3c2a2d101aedba,https://stellar.expert/explorer/testnet/tx/0520c8bb8bd1dc7edf7fc4e05a939b5f50ceee5dc20ed25a7a3c2a2d101aedba
Kriti Chakraborty,kriti.chakraborty50@gmail.com,GCBXRUJSL66GQ5ZG4XYXJJ4ZMKGZLFNSSYUFZMVQQIQO3W4AZY6NGYDY,Logistics Courier,Kolkata,4,Sub-Cent Gas Fees,"Decentralized reserve ratio tracking provides full transparency on pool liquidity.",48ecd7896eab3dbe714a0bc9709dc3fb75f3bfbfceffb589ca1eb914bbf2f78e,https://stellar.expert/explorer/testnet/tx/48ecd7896eab3dbe714a0bc9709dc3fb75f3bfbfceffb589ca1eb914bbf2f78e